{
    "1": {
        "question": "What is the first note played by the left hand in the 59th of the 100 piano studies in Clementi's Gradus ad Parnassum?"
    },
    "2": {
        "question": "What is the second note played by the right hand in BWV 779 of the 14th bar?"
    },
    "3": {
        "question": "What is the name of the dancing character featured by JooYoung Choi in an installment of PBS's The Art Assignment?"
    },
    "4": {
        "question": "In one episode of Wissen Macht Ah! in April 2023, the hosts demonstrated how to make a DIY water filter in the wild. What was the second filtering material that they placed into the plastic bottle? Answer the question with the exact single word said in the episode."
    },
    "6": {
        "question": "If I live right next to 临江码头 in Yangpu, Shanghai, what is the name of the nearest bus stop where I can catch a direct bus to the School of Foreign Languages at the University of Shanghai for Science and Technology without needing to transfer? Answer the name of the bus stop in simplified Chinese."
    },
    "8": {
        "question": "What is the common name of the tree with the largest diameter between Knowles Engineering Building and Goessmann Laboratory Addition at UMass Amherst?"
    },
    "9": {
        "question": "A baby passed away on February 8, 1849, a few days after his birth, while residing on Sandkaulstrasse in Aachen. This baby was mentioned in the newspaper Aachener Anzeiger: Intelligenz, Gemeindewesen, Bekanntmachungen, Anzeigen. What was the baby's name?"
    },
    "10": {
        "question": "On August 29, 2021, a caricature was present on the front page of the Hindi newspaper Hindustan. Which person was depicted in this caricature? The answer should be latinized."
    },
    "11": {
        "question": "A PNG file was committed to the pathdreamer Github repository belonging to google-research. In the same year the PNG was committed, how many Github contributions did the author of the commit make?"
    },
    "12": {
        "question": "Which bird(s) in the Wingspan bird cards from the Asia expansion have the word \"Great\" (but not \"Greater\") in their name and can reside exclusively in wetlands?"
    },
    "15": {
        "question": "According to Ignaz Semmelweis' pioneering book published in 1861, how many more babies delivered by doctors died compared to those delivered by midwives at the Wiener Gratis-Gebärhaus in Vienna in 1842?"
    },
    "16": {
        "question": "Which retailer's pegboard does cabagges.world recommend for use in the kitchen?"
    },
    "18": {
        "question": "On the Instructables website, how many First Prize achievements has the creator of the ‘Viking Beer Mug’ Instructable won in official Instructables contests? "
    },
    "19": {
        "question": "On October 13, 1999, a discussion about the Independent Counsel Act was held and later aired by C-SPAN. This discussion was hosted by an institute that has organized multiple other events broadcasted on C-SPAN. Who was the speaker featured in the first of these other events?"
    },
    "20": {
        "question": "In the TV series Lurk (潜伏), Yu Zecheng intended to purchase three pieces of intelligence from his neighbor. Two of these were decoys intended to conceal the piece of intelligence he truly wanted to obtain. What is the second piece of intelligence that Yu used to conceal his real objective? Answer the question in Chinese and use the exact line spoken by Yu. "
    },
    "21": {
        "question": "Based on the data provided by the United States Department of Labor's statistics unit, what was the reported number of employees in the Mining and Logging industry in Indiana during September 2012?"
    },
    "22": {
        "question": "Using the CPI calculator from the U.S. Bureau of Labor Statistics, what is the inflation-adjusted equivalent of $1,234 from February 1985 in July 2022?"
    },
    "23": {
        "question": "In 2022, how many railway staff were seriously injured in tram traffic according to German Federal Statistical Office?"
    },
    "24": {
        "question": "Based on data from Statistik Austria, what is the absolute difference between the number of live births to Austrian nationals versus non-Austrian nationals in 2021 in Austria?"
    },
    "25": {
        "question": "Based on the data released by the National Bureau of Statistics of the People's Republic of China, how many agricultural production and operation personnel were there in Western China in 2016?"
    },
    "27": {
        "question": "How many LEGO elements are used to assemble the roof of the 155-piece LEGO tuk-tuk before it is attached to the body?"
    },
    "30": {
        "question": "In a video by 元气八眉菌 on BiliBili, cream cheese splatters out while its being mixed to make a cheesecake from the official Friends cookbook. After this, the video creator displayed a meme image. What was the text on the meme image?"
    },
    "31": {
        "question": "According to the Label Studio website, what is the one-line command to start the Label Studio server, initialize a project named \"Erda\", and set the project description to \"handcream\"? Do not include quotation marks in your answer."
    },
    "32": {
        "question": "In the EMNLP Findings 2024 paper VeriScore, which figure substantiates the recommendation that LLMs should be evaluated across multiple datasets to assess their factuality, since an LLM's factual accuracy in one dataset does not guarantee its accuracy in another? Answer the question in Arabic numerals."
    },
    "33": {
        "question": "In the game \"Rogue Dunk,\" available on the CrazyGames browser game platform, how many clean shots do you need to score during the tutorial mode?"
    },
    "34": {
        "question": "Upon entering the \"Duck Duck Shoot\" virtual exhibit hosted by the Genesee Country Village & Museum, head into the room on your right. Alongside the left wall of this room, you'll see a soapstone sculpture of two ducks sitting on a rock. What is the title of this sculpture?"
    },
    "37": {
        "question": "In the 3D virtual tour of the Anne Frank House in Amsterdam, where does the door next to the toilet in the washroom lead to as per the text in the 3D tour?"
    },
    "38": {
        "question": "When the background of the Patatap website is pink, a circle appears when you press the \"C\" key on your keyboard. What basic color is the circle?"
    },
    "40": {
        "question": "On the website hackertyper, what is the exact text that appears after typing \"hi friends\" (without the quotation marks)? Wrap the content in double quotation marks."
    },
    "41": {
        "question": "In the Baby Map on NEAL.FUN, what is the name of the country shown in the table that ranks fourth in total babies born when India's count reaches 20?"
    },
    "42": {
        "question": "According to NASA's \"Eyes on Exoplanets\" web app, how many years does it take to travel from the earth to TOI-444 b at the speed of 38,000 miles per hour?"
    },
    "43": {
        "question": "How many water bottle refill stations are there on the ground floor of the Smithsonian National Museum of Natural History?"
    },
    "45": {
        "question": "On February 10, 2016, at 2:00 AM, a tagged Altai Snow Leopard was observed in West Mongolia, according to the data from USGS. What was the straight-line distance it traveled by the time it was observed again at 6:00 AM on the same day?"
    },
    "46": {
        "question": "In Shanghai, a passenger car driver obtained their driver's license on January 1, 2013. They committed no traffic violations in 2013 but were penalized in 2014 for failing to use vehicle lights as required while driving. In 2015, they were cited for driving below the prescribed minimum speed limit on a highway but had no other infractions that year. By the end of 2015, how many demerit points were still available for deduction on their driver's license?"
    },
    "47": {
        "question": "What is the background color of the maze in level 3 of the game available at this link: https://toytheater.com/maze/ ?"
    },
    "48": {
        "question": "How many differences can be found between the two pictures in Level 2 of the game available at this link: https://www.crazygames.com/game/find-the-difference ?"
    },
    "49": {
        "question": "In the Classical Chinese documents in the CCL corpus from Peking University, how many times do the characters \"汝\" and \"吾\" appear with at most five characters between them?"
    },
    "50": {
        "question": "According to FBI data, which racial group accounted for the highest number of homicide offenders in Massachusetts between 2017 and 2019?"
    },
    "51": {
        "question": "In the paper \"Does Value-Based Prioritization at Working Memory Enhance Long-Term Memory?\" by Atkinson et al., one experiment used relatively short encoding times. Using power analysis, the authors estimated the number of participants that would be required for this experiment to achieve 90% statistical power. However, their experiment was actually completed by more participants than this estimated number. By how much did the actual participant count exceed the estimate? Provide the answer using Arabic numerals."
    },
    "52": {
        "question": "In the paper Voluntary Control over Prestimulus Activity Related to Encoding by Matthias J. Gruber and Leun J. Otten, participants were asked for recognition judgements while viewing a series of words. How many options could participants choose from for these recognition judgements? Provide the answer using Arabic numerals."
    },
    "53": {
        "question": "Per the Banker Farmer newsletter, what was the title of senate document No.188 of the 63rd Congress?"
    },
    "54": {
        "question": "Per the Banker Farmer issue published in April of 1914, in which city was a \"Minister's Week\" held in California? "
    },
    "55": {
        "question": "In Sergei Rachmaninoff's Op.3, No.1 Elegie, what is the musical notation for the third pause in the right hand called? "
    },
    "57": {
        "question": "How many sharp signs are in the key signature of the piano sheet music of Ravel's Pavane? Please provide answer with Arabic numerals"
    },
    "58": {
        "question": "What is the officially reported number of women who died in Sachsen-Anhalt in 2023, according to the national statistical authority?"
    },
    "59": {
        "question": "What is the exact number of female babies born in Nordrhein-Westfalen, Germany, in 1993 according to the national official records?"
    },
    "60": {
        "question": "According to the user manual, what is the button on the far right of the Timemore Electric Kettle labelled as?"
    },
    "61": {
        "question": "In the Reader's Digest article \"Why I Live in Tahiti\" from the May 1926 edition, what does the writer's aunt say he may not admit he is, even though the aunt believes it to be true?"
    },
    "62": {
        "question": "What was the series number of the Amanzimtoti Observer newspaper from the 30th of April 1970?"
    },
    "63": {
        "question": "There is a YouTube video by Just Jean about a R45 000 gaming PC giveaway. What is the secret code that appears in the video? "
    },
    "64": {
        "question": "I am at the nearest Midas store to Biker's Warehouse in Johannesburg and my friend is at the nearest Midas store to The Waterberry Coffee Shop. What is the exact straight-line distance, in kilometers (rounded to the nearest whole number), between us on Google Map?"
    },
    "65": {
        "question": "In the YouTube video '12 Things to Do in St Lucia, South Africa' by Stray Along The Way, what type of animal appears first when starting at the 4:00 mark?"
    },
    "66": {
        "question": "On the official international Smeg website, one of the 2-slice toasters features a flag design. What color is its cable?"
    },
    "67": {
        "question": "In one word, what is the basic color of the hand towel in the header image on the American Standard US website?"
    },
    "68": {
        "question": "In a podcast episode, Jack Slack discusses Islam Makhachev's short arm D'Arce. Around the 20:00 mark, he explains a simple entry. What does he suggest doing before he mentions throwing the overhand and grabbing the leg?"
    },
    "69": {
        "question": "The botanical gardens near Krugersdorp in Gauteng has a restaurant. How many eggs do they put in their omelette?"
    },
    "70": {
        "question": "In the guide for taking a digital photo for a UK passport application, the first three images show the same man against different backgrounds. In the third image, there is an object in the background that causes the photo to be rejected. What is the basic color of the object?"
    },
    "71": {
        "question": "What is the price in ZAR for the 4-piece cold baklava as shown on the website of Istanbul Kebab Sunninghill in Johannesburg?"
    },
    "72": {
        "question": "There's a math worksheet compiled by Navan Mudali covering Algebra, Equations & Inequalities hosted on Weebly. In Question 1.1.1 from February 2013, solving for x results in multiple values. What is the lowest of these values?"
    },
    "73": {
        "question": "The Siyabona Africa website features a 4-day safari trip in Kruger that starts in Johannesburg Kruger Park on Day 1. The image for Day 2 depicts two different types of animals on the ground, one of which is smaller. How many of the smaller animals are visible in the picture?"
    },
    "74": {
        "question": "In 2014 YLE interviewed a representative of a Chinese administration that visited Inspecta. Which city in China is this administration based in?"
    },
    "75": {
        "question": "How much did the Finnish lower primary school kids’ spring magazine cost in euros in the year 2000?"
    },
    "76": {
        "question": "By how much has the recommended daily salary for graphic designers, as set by the Association of Freelance Journalists in Finland, changed from 2023 to 2025?"
    },
    "77": {
        "question": "Refer to the 'At the Mall' Map Quest puzzle on Champak.in. What shop is on the same floor as the shop that Shyam should visit as per the hints in the puzzle?"
    },
    "78": {
        "question": "There is a Sanskrit Section in the book Introduction to Devanagari Script by H. M. Lambert and M. A. Cantab. According to this section, in calligraphy, what is usually added to a character after every other stroke has been made, including the head-stroke?"
    },
    "79": {
        "question": "As per the \"Cambridge Encyclopedia of World's Ancient Languages,\" what is the transcription of Lycian character E ?"
    },
    "80": {
        "question": "In the 360-degree view of \"Pearls Academy Aurangabad,\" there is a room with \"3A\" on the door. Inside it, there is a yellow poster on the wall with 5 hearts and 5 flowers. What's the heading of the poster?"
    },
    "82": {
        "question": "What is the name of the song in the YouTube video titled “Don’t Be Sad Nasheed Extended [1 Hour]” by No Name? The answer should be latinized."
    },
    "84": {
        "question": "What is the color of the car shown in the first scene of Season 1, Episode 2 of the children's show \"31 Minutos\"?"
    },
    "85": {
        "question": "In the Mexican Spanish version of the \"Manuals\" section on Playmobil's official website, what is the exact string that appears in the search bar?"
    },
    "87": {
        "question": "In the game Paper U.F.O available on armorgames.com, how many seconds does it take for the clock to explode in world 1 level 3-1 of the campaign mode?"
    },
    "89": {
        "question": "In a clip from a trailer for the 2000 film Nueve Reinas by Fabián Bielinsky, a man puts on his glasses in front of some lockers. What is the largest locker number shown in that clip?"
    },
    "90": {
        "question": "In the virtual tour of \"Street Art Rome, Italy\" on Google Arts & Culture, what message is written above the image of the girl holding a knife in her mouth?"
    },
    "91": {
        "question": "What does the October 2024 edition (817) of Tinkle magazine teach readers to make on page 36?"
    },
    "92": {
        "question": "According to data from the Ministry of External Affairs, how many foreign nationals entered India on a student visa in 2023?"
    },
    "93": {
        "question": "On January 2, 2025, whose picture was printed in the top right corner of the Hindi newspaper Navbharat Times (Delhi edition)? The answer should be Latinized and match the exact title of that person's Wikipedia page."
    },
    "95": {
        "question": "In the 2002 photo gallery on IIFA's official website, with whom is Ashutosh Gowariker shaking hands? The answer should be latinized."
    },
    "96": {
        "question": "According to the National Crime Records Bureau, how many illiterate prisoners were in Madhya Pradesh prisons as of December 31st, 2022?"
    },
    "97": {
        "question": "The article, \"90 घंटे काम तो कब आराम ?\" published in Jan 2025 in Sarita Magazine, mentions an activity that most government employees do during the daytime of winter season, causing them to be unavailable in their offices. What is the activity? Your answer must be the verbatim first sentence from the article that mentions this activity."
    },
    "98": {
        "question": "According to RBI, what was the daily exchange rate of the Indian rupee in US dollars on 30th December 1998? "
    },
    "99": {
        "question": "In the financial statement of Coal India Limited for the year 2010-2011 (quarter 4 audited), what were the contractual expenses of the company for the year ended 31.03.2011?"
    },
    "100": {
        "question": "In the third puzzle of the game \"Fill the Heart\" on armorgames.com, how many small hearts are required to fill the big heart?"
    },
    "101": {
        "question": "On the Instituto Brasileiro de Geografia e Estatística website, which national flag is displayed next to the seventh language option when you click on \"Outros Idiomas\"? Answer the question with the country's official English name."
    },
    "102": {
        "question": "In the first three seconds of the trailer for the movie Nostalgia de la Luz, how many Icarus Films logos are displayed?"
    },
    "103": {
        "question": "In Fallout 76, one in-game location represents the highest summit in Pendleton County, West Virginia and is occupied by a particular group. An enemy faction, which is a re-emergence of a similarly named faction that dissolved by 2102 in the game’s timeline, is opposed to this group. Where is this enemy faction’s headquarters located?"
    },
    "104": {
        "question": "In the Transformers github repository, a previous version release enabled users to use their own loss functions. How many files were modified in that release compared to the version release immediately before it? Your answer should be a single integer."
    },
    "105": {
        "question": "In the YouTube video released by MISTAH CEE on September 17, 2024, several books are displayed on the top shelf behind Mistah Cee. Who is pictured on the cover of the leftmost book?"
    },
    "106": {
        "question": "According to the Gender Statistics dataset within World Bank's DataBank, what is the absolute difference between the percentage of female respondents in Madagascar (age 15+) who reported borrowing any money in 2022 compared to the same statistic in 2017?"
    },
    "107": {
        "question": "Filter the NoCha long-context LLM leaderboard to compare LLaMA 3.1 8B and Gemini 1.5 Pro [05/14] by the common set of pairs that they attempted. How many more questions did Gemini 1.5 Pro [05/14] answer correctly than LLaMA 3.1 8B?"
    },
    "108": {
        "question": "In the Windows game Spelling Blizzard, what is the example sentence written at the bottom of the screen for the word associated with level 14?"
    },
    "109": {
        "question": "In the virtual tour of the University View apartments in College Park, navigate to the BBQ area. What item is not allowed as per a sign on the fence? You must answer with the exact word that is prohibited on the sign."
    },
    "110": {
        "question": "Navigate to lichess.org and paste \"23J63\" into the search bar at the top. When the resulting puzzle loads, you will see the white rook move. What square did the rook move from? Answer with the coordinates of the square in algebraic notation."
    },
    "111": {
        "question": "The game 影之刃：零 released a trailer to celebrate the year of the snake. In that trailer, the boss had a second stage where it is being controlled by three red strings. Two of these red strings are respectively tied to the boss's two ankles. What body part is the third string tied to?"
    },
    "112": {
        "question": "In the game Pizza Car on CrazyGames, the player is first told to follow the arrows. If the player instead turns backwards and follows the right lanes of the road in front of them, how many street lights do they pass before reaching the first intersection?"
    },
    "113": {
        "question": "In the game Space.io on CrazyGames, how many coins are rewarded to the player upon the first double kill?"
    },
    "114": {
        "question": "There are virtual tours of two different variants of the double room in the Pyon-Chen Hall at the University of Maryland. What is the sum of the room numbers for the starting room in the first tour and the electrical room visible in the second tour?"
    },
    "115": {
        "question": "In the game Pirate sea on Playhop, what is the third word of the button that the player is prompted with when they approach the island with a green circle around it?"
    },
    "116": {
        "question": "In the game Beach Club on CrazyGames, what is the appliance that appears on the beach after completing the first task and getting the confetti message?"
    },
    "117": {
        "question": "A Facebook user with the fake profile name of \"Owls-In Towels\" got locked out of their account because they failed to provide a photo of their ID. They made a series of posts on Reddit asking for help in forging a fake ID card to get back into their account. In their second update post, made on February 19, 2025, they shared a picture of the Student ID Card eventually made for this purpose. What is the number of the PO box listed on this card?"
    },
    "118": {
        "question": "What was the number of VIIRS fire alerts reported in the week of Jul 01, 2024 for Uzbekistan according to Global Forest Watch?"
    },
    "119": {
        "question": "According to the data from the National Bureau of Statistics of China, how much did the number of corruption and bribery cases approved for arrest or decided for arrest by the People's Procuratorate decrease in 2020 compared to 2015?"
    },
    "120": {
        "question": "What is the cost of the book from which the article published on December 31, 2024 at 20:56, in Văn Bản of vitanova is excerpted? Please provide the price based on vitanova’s cost (not that of other distributors), and include the amount in VND (numeric)."
    },
    "121": {
        "question": "What's the basic color of the dog's harness that appears on the video released on Jan 24, 2025 on Ninh Tito's channel?"
    },
    "122": {
        "question": "How many dancing palm trees are there in total on the homepage of the Vietnamese restaurant that is the closest to Fort Sumner Park in Portland, Maine? "
    },
    "123": {
        "question": "Who is the main non-human character in the book that vlogger Giang ơi is reading as seen in an image from her blog post on April 11, 2018? "
    },
    "124": {
        "question": "In the infographic detailing the medical examination procedure at the Tam Hiệp branch of Vietnam National Cancer Hospital (K Hospital Vietnam), how many pens are depicted?"
    },
    "125": {
        "question": "How many different bus routes can you take to go from Vinhomes Gardenia to ThuongMai University in Hanoi if you depart at 11:25AM on Tuesday, Feb 25, 2025?"
    },
    "126": {
        "question": "In Fallout 4, once you enter The Colonial Taphouse, an NPC assigns you a quest. If that NPC dies during the quest, a follow-up quest is triggered. On the Fallout Wiki page for this follow-up quest, what shape is on the chest of the middle man in the image? "
    },
    "127": {
        "question": "I want to buy Merit Beauty's \"The Minimalist Perfecting Complexion Stick\". If my shade in Fenty Beauty's \"We're Even Hydrating Longwear Concealer\" is 370N, what shade should I buy for The Minimalist Complexion Stick? Use Merit Beauty's \"Shade Finder\" to find the answer."
    },
    "128": {
        "question": "In the Sporcle quiz titled \"Well-Known Movie by Tough Image VI\", what is the exact text written on the sign in the third image?"
    },
    "129": {
        "question": "The Blog page of AI2's olmOCR website contains a section titled \"Interactive Tool Comparison\" that allows the user to compare OCR tools on a \"Historical Document\". What is the exact text written below the horizontal line in the right margin of this document?"
    }
}